body part,percentage
eyes,33.33333333333333
ears,33.33333333333333
heart,33.33333333333333
