body part,percentage
soul,16.666666666666664
eyes,16.666666666666664
heart,50.0
tongue,16.666666666666664
