body part,percentage
soul,18.181818181818183
tears,9.090909090909092
arms,9.090909090909092
head,9.090909090909092
legs,9.090909090909092
blood,18.181818181818183
heart,18.181818181818183
hands,9.090909090909092
