body part,percentage
heart,42.857142857142854
breast,14.285714285714285
body,14.285714285714285
soul,14.285714285714285
limbs,14.285714285714285
