body part,percentage
breast,8.333333333333332
face,8.333333333333332
heart,37.5
senses,4.166666666666666
eyes,12.5
mind,8.333333333333332
head,8.333333333333332
hands,4.166666666666666
soul,8.333333333333332
